Date,aapl,cisco,ibm,amzn
1/2/13,71.48462088,17.60335838,172.3765931,257.31
1/3/13,70.5817895,17.69855845,171.428456,258.48
1/4/13,68.61627817,17.72616647,170.3047379,259.15
1/7/13,68.212653,17.56034525,169.5585189,268.4592
1/8/13,68.39623735,17.57739472,169.3214846,266.38
1/9/13,67.32728167,17.56874017,168.838637,266.35
1/10/13,68.16187435,17.68990389,169.3302637,265.34
1/11/13,67.743927,17.7245221,170.7085741,267.94
1/14/13,65.32868609,18.14859514,169.1020084,272.73
1/15/13,63.26759371,18.15724969,168.9966599,271.9
1/16/13,65.89376132,18.20052245,169.0756713,268.93
1/17/13,65.44977364,18.13128604,170.0062503,270.48
1/18/13,65.10083317,18.18754062,170.7261322,272.12
1/22/13,65.72189512,18.06204962,172.1395588,270.19
1/23/13,66.92430751,17.84568583,179.7246556,268.11
1/24/13,58.65585069,18.1918679,179.4612842,273.62
1/25/13,57.27310899,18.30437707,179.9441318,283.99
1/28/13,58.56861557,18.22648611,179.9090156,276.04
1/29/13,59.66751764,17.98415866,179.0047738,260.35
1/30/13,59.48002724,17.81106762,178.67117,272.764
1/31/13,59.30555701,17.80241307,178.2761128,265.5
2/1/13,59.06207989,18.02743142,180.1284918,265
2/4/13,57.59028025,18.01877686,178.9082042,259.98
2/5/13,59.61205173,18.24379521,178.0302995,266.89
2/6/13,59.5477321,18.33899528,177.2226272,262.22
2/7/13,61.30805863,18.25677704,176.0941575,260.23
2/8/13,62.19320339,18.31303162,177.8044943,261.95
2/11/13,62.84134932,18.40823169,176.4644366,257.21
2/12/13,61.26615829,18.14859514,176.3586426,258.7
2/13/13,61.14962296,18.29572252,176.4027235,269.47
2/14/13,61.09462876,18.16590424,176.014812,269.24
2/15/13,60.25269374,18.16590424,177.1873625,265.09
2/19/13,60.23043418,18.57266818,176.6054953,269.75
2/20/13,58.77177848,18.26543159,175.7150623,266.41
2/21/13,58.40645986,17.96684955,174.8510777,265.94
2/22/13,59.02841808,18.08801328,177.2843403,265.42
2/25/13,57.97960011,17.88030403,174.1281519,259.87
2/26/13,58.7874911,17.83530037,175.5651874,259.36
2/27/13,58.21136138,18.07935873,178.3775453,263.25
2/28/13,57.79628611,18.04906779,177.05512,264.27
3/1/13,56.3651275,18.02743142,178.8888831,265.74
3/4/13,55.00074757,17.94954045,180.8989696,273.11
3/5/13,56.4533801,18.36322803,182.0803362,275.59
3/6/13,55.73557485,18.79335925,183.7113275,273.79
3/7/13,56.37979262,18.86865385,184.628209,273.88
3/8/13,56.52880072,18.8928866,185.4745613,274.19
3/11/13,57.33407294,18.93615935,185.2100762,271.24
3/12/13,56.09801282,18.78037742,185.6244361,274.13
3/13/13,56.08753773,18.67219552,186.9556776,275.1
3/14/13,56.63093281,18.68517735,190.2529248,265.74
3/15/13,58.09220728,18.97510484,189.4771019,261.82
3/18/13,59.67132647,18.75441377,187.9695371,257.89
3/19/13,59.51027203,18.62459549,188.1723089,256.41
3/20/13,59.19471007,18.75441377,189.6005283,257.278
3/21/13,59.27982014,18.03608597,187.132001,253.39
3/22/13,60.48183624,17.958195,186.97331,257.75
3/25/13,60.70050366,18.04474052,185.7919433,256.02
3/26/13,60.38048978,18.04041324,187.2201627,260.31
3/27/13,59.19471007,18.02743142,185.9241859,265.3
3/28/13,57.96126871,18.083686,188.0488826,266.49
4/1/13,56.16086333,18.02743142,187.237795,261.61
4/2/13,56.27635115,18.36495894,188.9833965,263.322
4/3/13,56.56415414,18.34505347,187.4846478,259.03
4/4/13,56.00504643,18.35630438,186.294465,259.08
4/5/13,55.41320408,17.98115178,184.6193929,255.48
4/8/13,55.80732918,17.94625386,184.5400474,258.95
4/9/13,55.90815188,18.29523303,184.4518857,261.14
4/10/13,57.04862686,18.73145699,186.9027806,264.77
4/11/13,56.8705504,18.9190333,187.7138682,269.85
4/12/13,56.27739866,18.79252835,186.3561781,272.87
4/15/13,54.97455986,18.36502886,184.4871503,267.72
4/16/13,55.81125734,18.46099814,186.9027806,272.34
4/17/13,52.74205719,17.99860073,184.8486133,267.4
4/18/13,51.33446753,17.95497834,182.6269387,259.42
4/19/13,51.1354409,17.85028459,167.507209,260.32
4/22/13,52.20128088,17.96370282,165.5941004,263.55
4/23/13,53.17808264,18.24288615,168.9266122,268.9
4/24/13,53.09061567,17.78921323,169.0147739,268.78
4/25/13,53.47269443,18.00732521,170.9895958,274.7
4/26/13,54.62822733,18.03349865,171.3069778,254.81
4/29/13,56.319299,18.30395751,175.5740036,249.74
4/30/13,57.97698134,18.25161063,178.5626848,253.81
5/1/13,57.52000572,17.78048875,175.9971797,248.23
5/2/13,58.33575303,18.08584553,178.4304423,252.55
5/3/13,58.91973906,18.17309032,180.2994701,258.05
5/6/13,60.32470995,18.15564136,178.7742729,255.72
5/7/13,60.056024,17.78048875,179.5236472,257.73
5/8/13,60.73454768,18.07712105,181.4103074,258.68
5/9/13,60.20817462,18.17309032,180.0108919,260.16
5/10/13,59.70728563,18.40865126,181.1003103,263.63
5/13/13,59.94059445,18.55696741,179.3288982,264.51
5/14/13,58.50647019,18.55696741,179.9843207,268.33
5/15/13,56.52795868,18.50462053,180.0817484,266.56
5/16/13,57.28298292,20.84016363,181.2951656,264.12
5/17/13,57.10925353,21.14813775,184.6165632,269.9
5/20/13,58.3838842,20.89076561,183.8725701,267.63
5/21/13,57.95285604,20.94747473,184.8025615,268.86
5/22/13,58.17614708,20.36293462,183.3322895,262.96
5/23/13,58.27975201,20.51125076,182.5971535,261.8
5/24/13,58.67650882,20.52869972,182.2074428,261.74
5/28/13,58.18735118,20.84278098,184.0319972,267.29
5/29/13,58.65014624,21.043444,184.1559961,265.53
5/30/13,59.52406571,21.26155598,185.4314127,266.83
5/31/13,59.28087093,21.03908176,184.2445667,269.2
6/3/13,59.41070662,21.27028046,185.0682733,266.88
6/4/13,59.22485045,21.2528315,182.6237246,265.7
6/5/13,58.6712363,21.21793358,179.5680389,267.17
6/6/13,57.79468057,21.41859661,180.5068873,267.83
6/7/13,58.23638557,21.36624973,182.7654376,276.87
6/10/13,57.85136011,21.2528315,181.5874486,281.07
6/11/13,57.68132148,20.9998216,180.6663143,274.78
6/12/13,56.96821374,20.93002577,178.2040516,271.67
6/13/13,57.46580741,21.24410702,180.4803161,275.79
6/14/13,56.68613415,21.01727056,179.0897576,273.99
6/17/13,56.94316929,21.5494638,179.8337507,278.06
6/18/13,56.91285232,21.65415755,181.4545927,281.76
6/19/13,55.75685326,21.53201484,178.859474,278.16
6/20/13,54.94462222,21.3182651,174.7940834,273.44
6/21/13,54.50463079,21.3583977,173.120099,273.36
6/24/13,53.05996149,20.98673488,171.4195435,270.61
6/25/13,53.07182465,20.94311249,172.6949601,272.088
6/26/13,52.47075787,21.2746427,172.5886754,277.57
6/27/13,51.90528056,21.48839244,173.2883832,277.55
6/28/13,52.26776601,21.2310203,169.2672778,277.69
7/1/13,53.94047161,21.37933645,169.4178479,282.1
7/2/13,55.16237712,21.36615831,169.6127032,283.73
7/3/13,55.4668649,21.60336484,171.1626887,284.03
7/5/13,55.02133733,21.58579398,172.6506748,285.88
7/8/13,54.70894077,21.63411383,172.6949601,290.59
7/9/13,55.67117488,22.09974146,169.435562,291.53
7/10/13,55.457638,22.32376985,170.2769827,292.33
7/11/13,56.32206694,22.72789949,170.764121,299.66
7/12/13,56.21951651,22.78939747,170.1175556,307.55
7/15/13,56.3421025,22.78061205,171.8269682,306.57
7/16/13,56.70524702,22.58733265,171.6941123,306.87
7/17/13,56.7204055,22.59611808,172.3141065,308.69
7/18/13,56.91127057,22.71911406,175.3609353,304.11
7/19/13,56.0138884,22.68397235,171.4195435,305.23
7/22/13,56.19315393,22.59611808,171.9066818,303.48
7/23/13,55.22828357,22.45555125,172.6949601,301.06
7/24/13,58.064897,22.48190753,174.138661,298.94
7/25/13,57.79995309,22.40283869,174.6789416,303.4
7/26/13,58.12816719,22.39932452,174.7940834,312.01
7/29/13,59.02449485,22.25348643,173.7843785,306.1
7/30/13,59.75342014,22.55219095,173.6072373,302.41
7/31/13,59.64928796,22.48190753,172.7481025,301.22
8/1/13,60.19578421,22.74634888,173.4300961,305.57
8/2/13,60.96873501,23.00903315,172.8543872,304.21
8/5/13,61.87956209,23.11445827,173.1555273,300.99
8/6/13,61.32594794,23.026604,169.1609931,300.75
8/7/13,61.29035846,22.94753516,167.8501482,296.91
8/8/13,61.1690906,23.07053114,167.2893421,295.74
8/9/13,60.2986773,22.8886728,167.1914236,297.26
8/12/13,62.01164006,23.14081455,168.3219374,296.69
8/13/13,64.95857289,23.12368297,167.7255246,293.97
8/14/13,66.14344952,23.17332063,166.9332748,291.34
8/15/13,66.0651654,21.51111785,165.3843818,286.47
8/16/13,66.6516329,21.32223118,164.983806,284.82
8/19/13,67.3694585,21.32223118,163.9957191,285.57
8/20/13,66.48444986,21.36615831,164.2894747,287.09
8/21/13,66.65561345,21.14652264,164.5565252,284.57
8/22/13,66.73522442,21.09381008,164.8502808,289.73
8/23/13,66.47781561,20.96202867,165.0550195,290.01
8/26/13,66.73655127,20.93567239,164.449705,286.21
8/27/13,64.82854163,20.63257516,162.6693683,280.93
8/28/13,65.13451314,20.59743345,162.1530706,281.58
8/29/13,65.24119184,20.60182617,162.5803514,283.98
8/30/13,64.6462325,20.47883019,162.2509891,280.98
9/3/13,64.82721478,20.62818245,163.7553737,288.8
9/4/13,66.16879235,20.88295983,163.0165339,293.64
9/5/13,65.71487712,20.81267641,163.9245057,294.1
9/6/13,66.10629774,20.68968044,162.9275171,295.86
9/9/13,67.16114312,21.01474123,164.6633454,299.71
9/10/13,65.6312856,21.22119877,166.1054182,300.36
9/11/13,62.05807979,21.41447816,169.7551085,299.64
9/12/13,62.71885086,21.33980203,169.7818136,298.86
9/13/13,61.68523507,21.36615831,171.063656,297.92
9/16/13,59.72415145,21.41887087,171.936021,296.06
9/17/13,60.41411321,21.41008545,171.0547543,304.17
9/18/13,61.65604438,21.78346609,173.0665349,312.034
9/19/13,62.66710373,21.62532841,172.1496614,312.06
9/20/13,62.01827431,21.53308142,169.149794,316.34
9/23/13,65.10054579,21.32662389,170.0132573,311.49
9/24/13,64.89621096,21.20802063,169.1052856,314.13
9/25/13,63.89178586,21.46279801,168.6602014,312.65
9/26/13,64.51407829,20.88295983,169.3278277,318.12
9/27/13,64.0536615,20.49640104,166.3902721,316.01
9/30/13,63.25755178,20.58513386,164.8413791,312.64
10/1/13,64.74495011,20.56668446,165.9095811,320.95
10/2/13,64.95724604,20.637482,164.6455421,320.51
10/3/13,64.14123357,20.35871669,163.6663569,314.76
10/4/13,64.09081329,20.37199123,163.8799973,319.04
10/7/13,64.71708627,20.25694524,162.0195454,310.03
10/8/13,63.81350173,20.03127809,159.0908914,303.23
10/9/13,64.56290635,19.91180724,161.4053292,298.23
10/10/13,64.96759546,20.36314154,164.4764101,305.174
10/11/13,65.38873751,20.60208323,165.7137441,310.889
10/14/13,65.81704454,20.65518138,166.4347805,310.7
10/15/13,66.16733282,20.51358631,164.3784915,306.4
10/16/13,66.49028799,20.349867,166.2211401,310.49
10/17/13,66.93955925,20.16048359,155.6281365,310.77
10/18/13,67.5220462,20.31977805,154.6934597,328.931
10/21/13,69.17689294,20.292344,153.8745048,326.44
10/22/13,68.97859528,20.04455262,155.75276,332.54
10/23/13,69.65429341,19.69498979,156.4648947,326.756
10/24/13,70.57645383,19.80074361,158.2719365,332.21
10/25/13,69.78671299,19.87198363,157.4262766,363.39
10/28/13,70.30657264,19.9560557,157.8713607,358.16
10/29/13,68.55539662,20.19942224,162.1174639,362.7
10/30/13,69.64580157,20.09322593,160.3638322,361.08
10/31/13,69.35469078,19.9649054,159.5270739,364.03
11/1/13,69.00015658,19.96933024,159.5448773,359.002
11/4/13,69.89179947,19.98260478,160.4706524,358.74
11/5/13,69.71917635,20.41181485,158.3164449,358.892
11/6/13,69.5229353,20.60208323,160.3549305,356.18
11/7/13,68.39811902,20.45163846,161.0797896,343.56
11/8/13,69.47488904,20.80562615,161.0708407,350.31
11/11/13,69.27309476,20.74810315,163.6570662,354.378
11/12/13,69.40148504,21.00031937,163.8270949,349.53
11/13/13,69.48476522,21.23483621,164.256641,356.22
11/14/13,70.48919893,18.90736719,163.0574914,367.396
11/15/13,70.0662584,19.05781195,163.9344814,369.17
11/18/13,69.21717425,18.8409945,165.0799377,366.18
11/19/13,69.3400926,18.9560405,165.7779501,364.94
11/20/13,68.73284128,18.78789635,165.7242568,362.57
11/21/13,69.55176306,19.00028896,164.7756758,368.92
11/22/13,69.37345805,18.99143926,162.2431436,372.31
11/25/13,69.89929765,18.82329511,160.1312086,376.64
11/26/13,71.18853891,18.77019696,158.6725416,381.37
11/27/13,72.86481947,18.82329511,160.1580552,386.71
11/29/13,74.21411855,18.80559573,160.7934255,393.62
12/2/13,73.5681633,18.66400066,158.8246725,392.3
12/3/13,75.5823692,18.81444542,157.5718297,384.66
12/4/13,75.40593267,18.80471076,157.2675679,385.96
12/5/13,75.79310543,18.5047062,157.5718297,384.49
12/6/13,74.74129276,18.83214481,158.9947012,386.95
12/9/13,75.59678308,18.77904665,158.8067748,384.89
12/10/13,75.47933667,18.77019696,158.5025129,387.78
12/11/13,74.92013161,18.47815712,156.7843285,382.19
12/12/13,74.81069292,18.15071851,155.146684,381.25
12/13/13,73.99524115,17.91177683,154.636598,384.24
12/16/13,74.40496896,18.30116328,159.155781,388.97
12/17/13,74.06997977,18.51355589,157.2854656,387.65
12/18/13,73.50677086,18.58435343,159.9164355,395.96
12/19/13,72.66462673,18.64630127,161.2766649,395.19
12/20/13,73.27321266,18.69939942,161.0976873,402.2
12/23/13,76.08525337,19.08878588,163.0753892,402.92
12/24/13,75.76227575,19.19498218,163.961328,399.2
12/26/13,75.25912466,19.2923288,165.8674389,404.39
12/27/13,74.75063509,19.48702202,165.6258192,398.08
12/30/13,74.00725271,19.69056494,166.8160198,393.37
12/31/13,74.87475459,19.8498594,167.8540896,398.79
1/2/14,73.82174077,19.6197674,166.0285187,397.97
1/3/14,72.20017957,19.60193125,167.021844,396.44
1/6/14,72.59389196,19.62868548,166.4491159,393.63
1/7/14,72.07439179,19.89622776,169.7691493,398.03
1/8/14,72.5311649,19.88106703,168.2120447,401.92
1/9/14,71.60480635,19.70003009,167.6840609,401.01
1/10/14,71.12714647,19.81596508,167.5766744,397.66
1/13/14,71.49950497,19.78921085,164.8025225,390.98
1/14/14,72.92220805,19.98540852,166.3775249,397.54
1/15/14,74.3862843,20.31537734,168.0062205,395.87
1/16/14,73.97121802,20.31537734,168.919006,395.8
1/17/14,72.1588064,20.27970503,170.1092067,399.61
1/21/14,73.27988575,20.35996772,168.623693,407.05
1/22/14,73.60553261,20.3688858,163.0932869,404.54
1/23/14,74.22879935,20.11917966,163.522833,399.87
1/24/14,72.87950027,19.79812893,160.75763,387.6
1/27/14,73.47073617,19.6197674,159.2005253,386.28
1/28/14,67.59841574,19.3968155,158.2608932,394.43
1/29/14,66.83101024,19.30763474,157.8581938,384.2
1/30/14,66.70181919,19.59836402,158.717286,403.01
1/31/14,66.81099096,19.53950472,158.1087623,358.69
2/3/14,66.93511046,19.21845398,154.7260867,346.15
2/4/14,67.90404333,19.44140588,154.6723935,347.95
2/5/14,68.41119828,19.60193125,155.9252363,346.45
2/6/14,68.8075799,20.05675313,157.1601813,354.59
2/7/14,69.77019595,20.2172785,159.4815489,361.08
2/10/14,71.02011998,20.35996772,159.3825759,360.87
2/11/14,71.95588481,20.25295081,161.6859483,361.79
2/12/14,71.95051457,20.37780387,162.1718159,349.25
2/13/14,73.09303375,19.86055546,163.6114237,357.2
2/14/14,73.03396108,20.11917966,165.2759702,357.35
2/18/14,73.30247322,19.98540852,164.8260928,353.65
2/19/14,72.14518588,19.86947353,164.6101516,347.38
2/20/14,71.3101131,19.88730969,165.7888305,349.8
2/21/14,70.51800227,19.73570239,164.4661908,346.76
2/24/14,70.82679124,19.72678432,165.060029,351.78
2/25/14,70.0897254,19.47707819,164.8620829,358.32
2/26/14,69.4573793,19.55734087,165.6088795,359.8
2/27/14,70.84290197,19.54842279,166.6975829,360.13
2/28/14,70.65091578,19.44140588,166.6076074,362.1
3/3/14,70.85498502,19.23629013,165.7888305,359.78
3/4/14,71.32219615,19.45924203,167.750296,363.9
3/5/14,71.47256295,19.50383241,168.3801244,372.37
3/6/14,71.25641067,19.45924203,168.8300019,372.16
3/7/14,71.21479129,19.37897935,168.8659921,372.06
3/10/14,71.27923421,19.34330704,167.7053083,370.53
3/11/14,71.9733381,19.27196244,168.0382176,368.82
3/12/14,72.04315126,19.45924203,167.55235,370.64
3/13/14,71.24298507,19.19169975,165.4649187,371.51
3/14/14,70.44281887,19.04000328,163.944333,373.74
3/17/14,70.71804382,19.18278168,167.1834505,375.04
3/18/14,71.34367712,19.28979859,168.0832053,378.77
3/19/14,71.32488127,19.28979859,166.1937201,373.23
3/20/14,70.98118572,19.46816011,169.0639381,368.97
3/21/14,71.54103355,19.29871666,167.9572397,360.62
3/24/14,72.38953193,19.23629013,169.3788523,351.85
3/25/14,73.16821715,19.92298199,175.4881878,354.71
3/26/14,72.46874301,19.90514584,173.3107811,343.41
3/27/14,72.15726892,19.63760356,170.800465,338.47
3/28/14,72.07671528,19.91406391,171.358313,338.29
3/31/14,72.06060455,19.98986756,173.1938129,336.365
4/1/14,72.71980187,20.77019922,175.0023202,342.99
4/2/14,72.84063233,20.67129351,174.1475531,341.96
4/3/14,72.3358295,20.76120779,173.3737639,333.62
4/4/14,71.40006467,20.42106206,172.5459894,323
4/7/14,70.27902646,20.54541351,175.0203153,317.76
4/8/14,70.27499878,20.62633637,173.9136168,327.07
4/9/14,71.19868056,20.78818208,176.9277956,331.805
4/10/14,70.28036902,20.36558495,176.064031,317.11
4/11/14,69.76079802,20.19474781,175.6231511,311.73
4/14/14,70.03870809,20.54541351,177.9445186,315.91
4/15/14,69.53926208,20.58137923,177.2697025,316.08
4/16/14,69.68024438,20.70725922,176.7118544,323.68
4/17/14,70.47638289,20.86910493,170.9624209,324.91
4/21/14,71.31279822,21.03994207,172.9958669,330.87
4/22/14,71.38381969,21.14783921,172.8878963,329.32
4/23/14,70.45087424,21.12985635,172.5099993,324.58
4/24/14,76.22657049,20.97700207,171.1513694,337.15
4/25/14,76.78641831,20.68028494,170.620514,303.83
4/28/14,79.76019033,20.69826779,173.7786536,296.58
4/29/14,79.52389964,20.82414779,175.5511707,300.38
4/30/14,79.22316604,20.77919065,176.7748373,304.13
5/1/14,79.40978198,20.68927637,174.129558,307.89
5/2/14,79.55746366,20.62633637,172.2490703,308.01
5/5/14,80.68252955,20.63982351,172.0871145,310.05
5/6/14,79.80315227,20.42852495,170.980416,297.38
5/7/14,79.52389964,20.56339637,171.3133253,292.71
5/8/14,79.38293076,20.69646951,170.9603818,288.32
5/9/14,79.05250045,20.69826779,172.0192122,292.24
5/12/14,80.036366,20.85112207,174.2726205,302.86
5/13/14,80.16192277,20.55440494,173.9287268,304.64
5/14/14,80.17677357,20.50935789,170.788435,297.62
5/15/14,79.49498681,21.74127347,168.7431729,295.19
5/16/14,80.66820007,21.91211061,169.2861629,297.7
5/19/14,81.62405162,21.89412775,169.2318639,296.755
5/20/14,81.64025249,21.6873249,167.3223493,301.19
5/21/14,81.85626414,22.01101632,168.6798241,305.01
5/22/14,81.98587113,21.92110203,168.037286,304.91
5/23/14,82.91202107,22.04698203,168.2725816,312.24
5/27/14,84.4646048,22.21781917,167.2228011,310.82
5/28/14,84.245893,22.31672488,165.6843296,310.16
5/29/14,85.78092578,22.19084488,166.2997182,313.78
5/30/14,85.45960845,22.13689631,166.8427081,312.55
6/2/14,84.87232678,22.28075916,168.0463358,308.84
6/3/14,86.0725415,22.18634917,166.851758,307.19
6/4/14,87.05539451,22.02899917,166.9784556,306.78
6/5/14,87.39696292,22.20882774,168.308781,323.57
6/6/14,87.15664997,22.3257163,168.6617244,329.67
6/9/14,88.55127517,22.29874202,168.5259769,327.5
6/10/14,89.0710532,22.47857058,166.7793593,332.41
6/11/14,88.70248333,22.5145363,164.9331935,335.2
6/12/14,87.21875331,22.17286202,164.0010608,325.91
6/13/14,86.26425184,22.20882774,165.2137383,326.27
6/16/14,87.13369873,22.05597346,165.0236918,327.62
6/17/14,87.02029261,22.02899917,164.9422434,325.62
6/18/14,87.11479771,22.14588774,166.1549209,334.38
6/19/14,86.8123814,22.21781917,165.449034,327
6/20/14,85.91458299,22.3257163,164.2997053,324.2
6/23/14,85.83897891,22.20882774,164.8336454,327.24
6/24/14,85.31920088,22.05597346,163.6933665,324.16
6/25/14,85.39480496,22.22681059,163.5485692,327.44
6/26/14,85.90513248,22.1638706,163.2318251,325.69
6/27/14,86.92578752,22.20882774,164.4445026,324.57
6/30/14,87.82358593,22.34369916,164.04631,324.78
7/1/14,88.381166,22.55050201,168.6436248,332.39
7/2/14,88.34336396,22.67638201,170.4897906,332.85
7/3/14,88.86314199,22.8213369,170.6164882,337.492
7/7/14,90.69465075,22.85757563,170.1730464,333.55
7/8/14,90.11060926,22.71262073,169.4309602,323.81
7/9/14,90.1484113,23.04782893,170.51694,329.97
7/10/14,89.81291821,23.04782893,169.8653521,327.92
7/11/14,89.98775263,23.12030638,170.1368471,346.2
7/14/14,91.15016532,23.04782893,171.8201159,355.32
7/15/14,90.08225773,23.2562016,170.5802889,354.44
7/16/14,89.57193021,23.53705172,174.082574,355.9
7/17/14,87.97469958,23.21996288,174.2002218,352.454
7/18/14,89.24116237,23.47363395,174.2092716,358.66
7/21/14,88.77714235,23.41927586,172.7160493,359.76
7/22/14,89.51522715,23.50987267,175.648195,360.84
7/23/14,91.84950303,23.26526128,175.2319027,358.14
7/24/14,91.69829488,23.4011565,176.6889257,358.61
7/25/14,92.30407254,23.52799204,175.9287398,324.01
7/28/14,93.57894629,23.48269363,177.1776166,320.41
7/29/14,92.97411367,23.29244033,176.0825869,320
7/30/14,92.75675195,23.21996288,175.5667465,322.51
7/31/14,90.346872,22.85757563,173.4581355,312.99
8/1/14,90.84774901,22.64920296,171.1775778,307.06
8/4/14,90.33742149,22.7986877,171.6210196,313.65
8/5/14,89.89324754,22.62202392,169.3223622,312.32
8/6/14,89.74203938,22.58578519,169.2952127,313.89
8/7/14,89.73258887,22.52236743,167.7749513,311.45
8/8/14,89.97952445,22.67638201,169.8960345,316.8
8/11/14,91.16671471,22.85757563,170.6607169,318.33
8/12/14,91.14771967,22.78509818,170.5423732,319.32
8/13/14,92.35390498,22.83039659,171.0976783,326.28
8/14/14,92.60084055,22.23245763,171.0339547,333.21
8/15/14,93.05672161,22.13280113,170.5787867,333.63
8/18/14,94.17742922,22.31399476,172.3812522,334.53
8/19/14,95.47858975,22.32305444,173.0275909,335.13
8/20/14,95.51657984,22.38647221,173.054901,335.78
8/21/14,95.52607736,22.54954647,174.0835808,332.91
8/22/14,96.228894,22.33211412,173.3371052,331.59
8/25/14,96.43783948,22.37741253,174.0198573,334.02
8/26/14,95.81955079,22.47706902,175.6857724,341.83
8/27/14,96.99819329,22.46800934,175.0121237,343.18
8/28/14,97.11216355,22.51330774,174.7845396,340.02
8/29/14,97.3496016,22.64014328,175.0576405,339.04
9/2/14,98.10940337,22.54048679,174.3839917,342.38
9/3/14,93.96848373,22.68544169,174.7390228,339
9/4/14,93.18968692,22.56766583,173.5828959,345.95
9/5/14,93.9969763,22.64920296,174.0562707,346.38
9/8/14,93.41762745,22.60390456,173.0913144,342.34
9/9/14,93.06621913,22.52236743,172.954764,329.75
9/10/14,95.92497329,22.58578519,174.365785,331.33
9/11/14,96.33336674,22.81227722,174.5296455,330.52
9/12/14,96.55180975,22.79415786,174.1290976,331.19
9/15/14,96.52331718,22.70356105,174.6115758,323.89
9/16/14,95.79200798,22.84851595,175.6584623,327.76
9/17/14,96.47582957,22.83492643,175.5128086,324
9/18/14,96.67527753,22.84851595,176.3776279,325
9/19/14,95.8869832,22.83039659,176.6052119,331.32
9/22/14,95.98195842,22.62202392,175.7950128,324.5
9/23/14,97.48256691,22.37741253,174.4386119,323.63
9/24/14,96.63728745,22.6310836,175.0667438,328.21
9/25/14,92.95224887,22.23245763,172.0626346,321.93
9/26/14,95.68753524,22.64920296,173.0184875,323.21
9/29/14,95.07969382,22.75791914,172.6361463,321.82
9/30/14,95.68753524,22.97535148,172.8091102,322.44
10/1/14,94.19642426,22.84755851,170.3876161,317.46
10/2/14,94.88024586,22.87494272,170.1509287,318.41
10/3/14,94.61431524,23.10314446,171.7531203,322.74
10/6/14,94.61431524,22.82930237,172.0899447,322.2
10/7/14,93.78803081,22.48699975,169.0585253,316.98
10/8/14,95.73502285,22.50981993,172.3812522,322.7
10/9/14,95.94396833,22.08080065,169.704864,315.37
10/10/14,95.66854019,21.30491473,169.2587992,311.39
10/13/14,94.79476816,20.93066387,167.0648891,306.45
10/14/14,93.78803081,21.04476474,167.3197833,308.31
10/15/14,92.63883064,20.95804808,165.4535942,305.97
10/16/14,91.42314781,20.8302551,163.7148521,302.86
10/17/14,92.76229843,21.2227621,165.726695,303.64
10/20/14,94.74728055,20.93066387,153.9378419,306.21
10/21/14,97.32110904,21.46009191,148.5941688,315.33
10/22/14,97.81498019,21.23189017,147.2832847,312.97
10/23/14,99.56252426,21.51029629,147.6383158,313.18
10/24/14,99.93292762,21.70654979,147.5472822,287.06
10/27/14,99.82845487,21.68829365,147.3561116,289.97
10/28/14,101.376551,21.96669978,148.9309931,295.59
10/29/14,101.9464023,21.99864802,148.8035461,294.12
10/30/14,101.6044915,21.98039188,149.6137453,299.07
10/31/14,102.5732388,22.3363866,149.6592621,305.46
11/3/14,103.9028919,22.43679537,149.6228486,305.72
11/4/14,103.1430901,22.71063746,148.0661738,302.81
11/5/14,103.3900257,22.95709534,147.3105948,296.52
11/6/14,103.6844489,23.05750411,147.9842436,296.64
11/7/14,103.9801451,23.1214006,148.5433318,299.86
11/10/14,103.8084505,22.95709534,149.8448159,305.11
11/11/14,104.6383076,22.95709534,149.6706737,312.01
11/12/14,106.1167887,22.92058307,148.4058511,311.51
11/13/14,107.614347,23.44088304,149.2032392,316.48
11/14/14,108.9115949,24.0250795,150.4588965,327.82
11/17/14,108.7303618,24.15743651,150.4588965,323.05
11/18/14,110.1420728,24.27610142,148.3783549,324.93
11/19/14,109.3789857,24.27153738,147.9567474,326.54
11/20/14,110.9433141,24.47235492,147.2326823,330.54
11/21/14,111.0959315,24.53625141,147.489313,332.63
11/24/14,113.1514972,24.67317245,148.6166549,335.64
11/25/14,112.1737919,24.9013742,148.259205,335.04
11/26/14,113.5091942,25.03373121,148.4333472,333.57
11/28/14,113.4424241,25.2299847,148.6349856,338.64
12/1/14,109.7605292,25.18434436,148.0575666,326
12/2/14,109.3408314,25.39428996,149.0932547,326.31
12/3/14,110.5808478,25.51295487,150.7888502,316.5
12/4/14,110.1611499,25.34864961,150.3580773,316.93
12/5/14,109.6937591,25.10219173,149.6431775,312.63
12/8/14,107.2137263,24.85573385,148.3508588,306.64
12/9/14,108.8543634,25.02916717,149.3865469,312.5
12/10/14,106.7844899,24.52712334,147.1135324,305.84
12/11/14,106.4697165,24.63666017,147.6267937,307.36
12/12/14,104.6669234,24.51343123,142.4116918,307.32
12/15/14,103.2313659,24.35369001,140.2853234,306.07
12/16/14,101.8196549,24.26697335,138.7730355,295.06
12/17/14,104.3616886,24.47235492,139.2496354,298.88
12/18/14,107.452191,25.23911277,144.5197295,297.73
12/19/14,106.6223339,25.34864961,145.2804561,299.9
12/22/14,107.7288101,25.75941275,147.9659128,306.54
12/23/14,107.3472665,25.78679696,148.6991433,306.285
12/24/14,106.8417214,25.83243731,148.3141973,303.03
12/26/14,108.7303618,25.87807766,148.7907971,309.09
12/29/14,108.6540531,25.97848642,147.1135324,312.04
12/30/14,107.3281894,25.88720572,146.6919248,310.3
12/31/14,105.2869316,25.38972593,147.0493747,310.35
1/2/15,104.2853799,25.37603382,148.5341664,308.52
1/5/15,101.3474949,24.87053514,146.1969942,302.19
1/6/15,101.3570334,24.86134425,143.0441031,295.29
1/7/15,102.778283,25.09111638,142.1092343,298.42
1/8/15,106.7272583,25.28412497,145.1979677,300.46
1/9/15,106.8417214,25.54146975,145.830379,296.93
1/12/15,104.2090712,25.78043277,143.3832222,291.41
1/13/15,105.1343142,25.82179175,143.7223413,294.74
1/14/15,104.7336935,25.66095126,142.7966378,293.27
1/15/15,101.8911944,25.19221612,141.669296,286.95
1/16/15,101.0994916,25.44037002,144.0247989,290.74
1/20/15,103.703526,25.79881454,143.8506567,289.44
1/21/15,104.4952288,25.58742418,139.3962815,297.25
1/22/15,107.2137263,26.1940226,142.4208572,310.32
1/23/15,107.7669644,25.92748693,142.8607955,312.39
1/26/15,107.8814275,25.70690568,143.3098992,309.66
1/27/15,104.1041467,24.72348098,140.8444117,306.75
1/28/15,109.9894554,24.63616757,138.9013509,303.91
1/29/15,113.4138084,25.0175893,142.5033457,311.78
1/30/15,111.7540941,24.23176862,140.5144579,354.53
2/2/15,113.1562665,24.65914478,141.7517844,364.47
2/3/15,113.1753437,24.92568045,145.2437946,363.55
2/4/15,114.0433551,24.53047239,143.8598221,364.75
2/5/15,114.8541351,25.05435284,144.7305333,373.89
2/6/15,113.8869625,25.03597107,144.6480448,374.28
2/9/15,114.6434639,24.92568045,143.7527628,370.56
2/10/15,116.845936,25.2657432,146.3463118,372.995
2/11/15,119.5846623,24.75105363,146.0140422,375.14
2/12/15,121.0976649,27.07634757,146.309393,377.17
2/13/15,121.6913748,27.04877491,148.0445788,381.83
2/17/15,122.4095722,26.93848429,148.5614427,375.43
2/18/15,123.2570452,27.10392022,149.6966972,373.37
2/19/15,123.0032821,26.93848429,151.2657483,378.995
2/20/15,124.0039705,27.21421084,151.0442352,383.66
2/23/15,127.3603466,27.23259262,150.3612365,380.14
2/24/15,126.5655414,27.23259262,152.1333412,378.59
2/25/15,123.3288649,27.10392022,150.2689394,385.37
2/26/15,124.8849594,27.4899374,148.4783753,384.8
2/27/15,123.0128581,27.12230199,149.4659544,380.16
3/2/15,123.6161439,27.74728218,148.1184165,385.655
3/3/15,123.874695,27.14987465,148.6260507,384.61
3/4/15,123.0894658,26.95686606,147.140067,382.72
3/5/15,121.049785,26.92929341,148.7644963,387.83
3/6/15,121.2317284,26.58463521,146.2909335,380.09
3/9/15,121.7488306,26.98443872,148.3860782,378.56
3/10/15,119.2303515,26.34107676,145.6540834,369.51
3/11/15,117.0566073,25.97344135,144.7218825,366.37
3/12/15,119.1728957,25.95505958,145.8109885,374.24
3/13/15,118.3493627,25.67933303,142.3959951,370.58
3/16/15,119.651694,26.01020489,144.9803145,373.35
3/17/15,121.6530709,25.87234162,144.8695579,371.92
3/18/15,123.022434,25.87234162,147.5000258,375.135
3/19/15,122.0887774,25.97344135,147.5000258,373.24
3/20/15,120.5614108,26.13887729,150.3335474,378.49
3/23/15,121.8158623,26.10670919,151.9487469,375.11
3/24/15,121.3179121,25.73447834,150.4443039,374.09
3/25/15,118.1482674,25.23817054,146.9370134,370.96
3/26/15,118.9718004,24.89810779,148.2199433,367.35
3/27/15,118.0237798,24.93487133,148.0445788,370.56
3/30/15,121.0114812,25.41279736,150.1397234,374.59
3/31/15,119.1537438,25.49091988,148.1368759,372.1
4/1/15,118.9813764,25.23624221,146.918554,370.255
4/2/15,120.0060048,25.12511014,148.0907274,372.25
4/6/15,121.9499258,25.20845919,149.5582516,377.04
4/7/15,120.6667464,25.3658963,149.5859407,374.41
4/8/15,120.2741318,25.5140724,149.382887,381.2
4/9/15,121.1934245,25.58352995,149.8351429,383.54
4/10/15,121.7105267,25.96786171,150.3150879,382.65
4/13/15,121.4711275,25.91229567,149.8720618,382.36
4/14/15,120.9444494,25.75485856,149.7982241,385.11
4/15/15,121.4040958,26.16234284,151.4872613,383.45
4/16/15,120.8199619,26.48647806,150.5642902,386.04
4/17/15,119.4601747,25.85209913,148.293781,375.56
4/20/15,122.189325,26.37534599,153.3608929,389.51
4/21/15,121.5285833,26.56982712,151.6072476,391.18
4/22/15,123.1660735,26.50500008,152.6225159,389.8
4/23/15,124.1715499,26.55593561,157.1266153,389.99
4/24/15,124.7556839,26.6902202,156.7020486,445.1
4/27/15,127.0251878,26.75504725,157.5788712,438.56
4/28/15,125.0238109,27.15327052,160.5231493,429.31
4/29/15,123.1852254,26.90322335,160.9661755,429.37
4/30/15,119.8432133,26.69948121,158.0957351,421.78
5/1/15,123.4820804,26.9773114,160.2924065,422.87
5/4/15,123.2426812,27.01435542,160.5692979,423.04
5/5/15,120.4656511,26.75504725,159.7478535,421.19
5/6/15,119.7091498,26.8291353,158.1511133,419.1
5/7/15,120.4464992,26.67632869,159.0253388,426.88
5/8/15,122.7158089,27.06992146,160.5970847,433.69
5/11/15,121.4657654,27.05139945,159.1462424,432.85
5/12/15,121.0282502,27.06992146,158.6161269,431.02
5/13/15,121.1676781,27.18105354,160.2250738,426.87
5/14/15,123.9946996,26.90322335,161.8712219,432.28
5/15/15,123.8216167,27.36627366,161.1365004,426
5/18/15,125.1870488,27.5607548,160.950495,425.24
5/19/15,125.0716602,27.53760228,161.3411064,421.71
5/20/15,125.0620444,27.43110071,161.601514,423.86
5/21/15,126.3409351,27.25514159,161.2109026,431.63
5/22/15,127.4467428,27.09770448,160.1692722,427.63
5/26/15,124.6389528,26.81061328,158.2255155,425.47
5/27/15,126.9707647,27.14400951,159.9646662,431.42
5/28/15,126.7159481,27.18105354,159.6949584,426.57
5/29/15,125.2735903,27.14400951,157.7791025,429.23
6/1/15,125.5187911,27.02361643,158.2720169,430.92
6/2/15,124.9658872,26.93100637,157.7791025,430.99
6/3/15,125.1197387,26.94026737,158.0302098,436.59
6/4/15,124.3889441,26.49573907,156.597968,430.78
6/5/15,123.706228,26.46795605,155.6865414,426.95
6/8/15,122.8888919,26.18549536,153.7706856,423.5
6/9/15,122.5234946,26.15308184,154.0868948,425.48
6/10/15,123.9273896,26.5420441,157.1001827,430.77
6/11/15,123.6485337,26.72726423,156.9699789,432.97
6/12/15,122.2831016,26.43091203,155.3052303,429.92
6/15/15,122.0427086,26.37534599,154.6263105,423.67
6/16/15,122.6965775,26.58834913,155.1657263,427.26
6/17/15,122.4081059,26.79209127,155.4726352,427.81
6/18/15,122.9658176,27.05139945,156.4770645,439.39
6/19/15,121.7350056,26.88470134,155.3052303,434.92
6/22/15,122.7061932,26.80135228,155.9934504,436.29
6/23/15,122.1484815,26.65780668,156.8211745,445.99
6/24/15,123.1869792,26.40312901,155.2866298,440.84
6/25/15,122.6004203,26.30125794,154.4589056,440.1
6/26/15,121.8792414,26.19012586,153.8822888,438.1
6/29/15,119.7445517,25.50481139,151.5665213,429.86
6/30/15,120.6051586,25.43072334,151.2782129,434.09
7/1/15,121.7350056,25.52333341,152.9801625,437.39
7/2/15,121.5811541,25.50466918,153.5381788,437.71
7/6/15,121.1580624,25.40201592,153.203369,436.04
7/7/15,120.8599751,25.53266552,153.4544763,436.72
7/8/15,117.8598707,25.18737728,151.7432264,429.7
7/9/15,115.4559409,25.11272036,152.3849451,434.39
7/10/15,118.5425868,25.4580086,155.2680292,443.51
7/13/15,120.831128,25.93394645,157.5279952,455.57
7/14/15,120.7830494,26.1579172,156.8118743,465.57
7/15/15,121.9465514,26.23257412,156.7374721,461.19
7/16/15,123.571608,26.42854852,159.0346391,475.48
7/17/15,124.6389528,26.29789892,160.4389801,483.01
7/20/15,126.994804,26.1579172,161.0992993,488.1
7/21/15,125.7255291,25.98060702,151.659524,488
7/22/15,120.4080363,25.69131147,149.1298502,488.27
7/23/15,120.350342,26.13925297,150.4132876,482.18
7/24/15,119.7157045,26.50320544,148.5718339,529.42
7/27/15,118.0521851,26.32589526,147.9394155,531.41
7/28/15,118.638744,26.32589526,148.850842,526.03
7/29/15,118.2637309,26.50320544,149.8180703,529
7/30/15,117.6675563,26.40988429,149.6971667,536.76
7/31/15,116.6386744,26.52186967,150.6550947,536.15
8/3/15,113.8885787,26.46587698,147.6046057,535.03
8/4/15,110.2346054,26.1579172,146.5722756,531.9
8/5/15,110.9654,26.38188795,146.8512837,537.01
8/6/15,111.205793,26.32589526,146.5908761,529.46
8/7/15,111.5824999,26.26990257,145.4655623,522.62
8/10/15,115.6393428,26.68051562,146.9941136,524
8/11/15,109.6216924,26.14858508,145.8312893,527.46
8/12/15,111.3120437,26.03659971,146.4408343,525.91
8/13/15,111.2251113,26.78316888,145.4186743,529.66
8/14/15,112.0075025,27.09112866,146.0563521,531.52
8/17/15,113.1666004,26.89982031,146.5814985,535.22
8/18/15,112.5290965,26.36322372,146.3001701,535.02
8/19/15,111.0898832,25.94327856,144.3590038,532.92
8/20/15,108.8103238,25.23403785,143.1586691,515.78
8/21/15,102.1551695,24.70210732,139.5857978,494.47
8/24/15,99.60515396,23.50759665,134.540641,463.37
8/25/15,100.2040213,22.97566612,132.1868596,466.37
8/26/15,105.9512155,23.96487027,137.5696106,500.77
8/27/15,109.0711209,24.42214388,139.2950917,518.37
8/28/15,109.4285094,24.26349794,138.7699453,518.01
8/31/15,108.9165745,24.15151256,138.6855468,512.89
9/1/15,104.0483629,23.44227185,133.7998094,496.54
9/2/15,108.5108902,23.93687393,136.0223041,510.55
9/3/15,106.6080376,24.17017679,137.6446315,504.72
9/4/15,105.5455312,23.81555644,134.7563261,499
9/8/15,108.4819127,24.54346137,138.0666242,517.54
9/9/15,106.3955363,24.20750525,136.0223041,516.89
9/10/15,108.7330506,24.50613292,137.1007298,522.24
9/11/15,110.3171512,24.28216217,138.1979108,529.44
9/14/15,111.3796577,23.9835345,136.584961,521.38
9/15/15,112.3165952,24.24483371,138.3479526,522.37
9/16/15,112.4421642,24.32882274,139.1731827,527.39
9/17/15,110.0370359,24.15151256,138.9199871,538.87
9/18/15,109.5830558,23.83422067,135.5159129,540.26
9/21/15,111.2830662,23.83422067,137.3633031,548.39
9/22/15,109.5347601,23.46093608,135.440892,538.4
9/23/15,110.4234019,23.59158569,134.7188157,536.07
9/24/15,111.0802241,23.71290318,135.4221368,533.75
9/25/15,110.8001087,24.28682822,136.3692759,524.25
9/28/15,108.6074817,23.94620604,133.6497676,504.06
9/29/15,105.342689,23.92754181,133.6028795,496.07
9/30/15,106.2023534,24.49213474,135.9472832,511.67
10/1/15,105.8449648,24.20750525,134.6531724,520.72
10/2/15,106.6176968,24.23573009,135.5815562,532.54
10/5/15,107.0040628,25.26123264,139.7639725,543.68
10/6/15,107.5159977,25.6187473,139.5201545,537.48
10/7/15,107.0040628,25.91040399,140.748622,541.94
10/8/15,105.7676916,26.25851036,142.8023197,533.16
10/9/15,108.2983889,26.25851036,142.9054735,539.8
10/12/15,107.7961131,26.30555176,141.7332716,550.19
10/13/15,107.9796369,26.20206068,140.3078741,548.9
10/14/15,106.4534912,26.17383584,140.6736011,544.83
10/15/15,108.047251,26.48430909,140.748622,562.44
10/16/15,107.2552007,26.57839189,141.0299505,570.76
10/19/15,107.921682,26.57839189,139.9327695,573.15
10/20/15,109.8921486,26.8135989,131.886776,560.88
10/21/15,109.8824895,26.60661673,132.1493492,555.77
10/22/15,111.5631816,27.29342119,135.1220531,563.91
10/23/15,115.0211572,27.61330272,135.6753324,599.03
10/26/15,111.3506803,27.23697151,134.7188157,608.61
10/27/15,110.6455623,27.33105431,129.279799,611.01
10/28/15,115.2046811,27.622711,132.0649506,617.1
10/29/15,116.421734,27.41572884,131.8023774,626.55
10/30/15,115.4268415,27.14288871,131.3616295,625.9
11/2/15,117.0495787,27.06762246,131.6335804,628.35
11/3/15,118.3922005,26.91708998,133.0496002,625.31
11/4/15,117.841629,26.78537406,132.8151598,640.95
11/5/15,117.3007166,26.74774093,131.1834548,655.65
11/6/15,117.4365262,26.76655749,130.8646159,659.37
11/9/15,116.9611925,26.51253393,128.0816722,655.49
11/10/15,113.2749312,26.32436832,128.2331249,659.68
11/11/15,112.6346858,26.17383584,127.8071641,673.25
11/12/15,112.256359,26.18324412,125.9329367,665.6
11/13/15,108.9775265,24.6591027,124.7118492,642.35
11/16/15,110.7576027,25.20478296,126.567145,647.81
11/17/15,110.2871193,25.22359952,126.6712687,643.3
11/18/15,113.7793669,25.51525621,128.5644277,663.54
11/19/15,115.2247694,25.75046322,129.4352809,661.27
11/20/15,115.7292052,25.93862883,131.1012608,668.45
11/23/15,114.2255986,25.8069129,131.0633976,678.99
11/24/15,115.3217763,25.65638042,131.1959188,671.15
11/25/15,114.4972178,25.62815558,130.6279711,675.34
11/27/15,114.2838027,25.70342182,131.0633976,673.26
11/30/15,114.7591364,25.63756386,131.9721139,664.8
12/1/15,113.8278704,25.93862883,133.7327518,679.06
12/2/15,112.7995975,25.81632118,132.2371562,676.01
12/3/15,111.7519232,25.35531545,131.4988242,666.25
12/4/15,115.4672866,25.8539543,132.9281592,672.64
12/7/15,114.739735,25.86336258,132.0951693,669.83
12/8/15,114.6912316,25.54348105,130.6753,677.33
12/9/15,112.1593521,25.14833328,129.3122256,664.79
12/10/15,112.6928899,25.1859664,129.4731441,662.32
12/11/15,109.7923843,24.6120613,127.3812034,640.15
12/14/15,109.1133361,24.92253455,128.6685515,657.91
12/15/15,107.1828993,25.26123264,130.4291894,658.64
12/16/15,108.0074577,25.62345144,131.8490586,675.77
12/17/15,105.7180954,25.138925,129.4447467,670.65
12/18/15,102.8563925,24.71555239,127.6935746,664.14
12/21/15,104.1174819,25.05895462,128.2615223,664.51
12/22/15,104.020475,25.29886577,130.5617105,663.15
12/23/15,105.35917,25.77868806,131.139124,663.7
12/24/15,104.7965301,25.7598715,130.8646159,662.79
12/28/15,103.6227468,25.69401354,130.2588051,675.2
12/29/15,105.4852789,26.12679443,132.3128826,693.97
12/30/15,104.1077812,25.90099571,131.8963876,689.07
12/31/15,102.1094395,25.54818519,130.2682708,675.89
1/4/16,102.1967457,25.0448422,128.6874831,636.99
1/5/16,99.63576416,24.93104511,128.5928251,633.79
1/6/16,97.68592592,24.66551857,127.9491511,632.65
1/7/16,93.56313361,24.09653314,125.7625524,607.94
1/8/16,94.05786869,23.49909843,124.5982596,607.05
1/11/16,95.58087667,23.96376987,126.1127868,617.74
1/12/16,96.96807502,24.0396346,125.8004156,617.89
1/13/16,94.47499827,23.3284028,124.1628331,581.81
1/14/16,96.54124476,23.38530135,125.8098814,593
1/15/16,94.22278038,22.39905993,123.0837324,570.18
1/19/16,93.76684806,22.61717101,121.2662998,574.48
1/20/16,93.892957,21.71627741,115.3501779,571.77
1/21/16,93.4176233,21.71627741,116.3440864,575.02
1/22/16,98.38437544,22.16198266,115.9559888,596.38
1/25/16,96.46363926,21.97232085,115.5584254,596.53
1/26/16,96.99717709,22.49389083,116.041181,601.25
1/27/16,90.62382522,22.21888121,114.4982564,583.35
1/28/16,91.2737713,21.91068076,115.6909465,635.35
1/29/16,94.42649483,22.56027247,118.1236559,587
2/1/16,93.54373224,22.26629666,118.161519,574.81
2/2/16,91.65209812,21.64989577,116.3724838,552.1
2/3/16,93.46612674,21.90593922,118.0573953,531.07
2/4/16,94.2130797,22.3231952,120.8308732,536.26
2/5/16,91.69682974,21.70679432,121.7017264,502.13
2/8/16,92.66236751,21.74472668,121.4272183,488.1
2/9/16,92.6428617,21.47920014,118.6444714,482.07
2/10/16,91.94065241,21.34643687,114.9341421,490.48
2/11/16,91.38473672,23.40426753,112.6964694,503.82
2/12/16,91.66757102,23.81204042,115.746972,507.08
2/16/16,94.25209132,24.50430603,117.3726317,521.1
2/17/16,95.69552153,25.09225765,120.5857003,534.1
2/18/16,93.88148086,25.06380838,126.6580175,525
2/19/16,93.66691691,25.17760547,127.2604679,534.9
2/22/16,94.48616109,25.25347019,127.9202945,559.5
2/23/16,92.3502745,24.76983257,126.610204,552.94
2/24/16,93.72543436,24.95949438,126.9927122,554.04
2/25/16,94.3691262,25.22502092,128.6183719,555.15
2/26/16,94.51541981,25.0448422,126.2563839,555.23
2/29/16,94.30085586,24.82673111,125.3001135,552.52
3/1/16,98.04597207,25.443132,128.4940567,579.04
3/2/16,98.26053602,25.50951364,130.3396587,580.21
3/3/16,98.99200403,25.48106436,131.7740643,577.49
3/4/16,100.464693,25.41468273,131.7740643,575.14
3/7/16,99.35286158,25.73710781,134.0212998,562.8
3/8/16,98.53361741,25.65175999,132.9885277,560.26
3/9/16,98.62139357,26.18281307,134.2699301,559.47
3/10/16,98.6701581,25.96470198,134.0595506,558.93
3/11/16,99.73322494,26.41989033,136.1346574,569.61
3/14/16,99.98680052,26.26816088,136.536291,573.37
3/15/16,101.9958993,26.23022852,136.7084197,577.02
3/16/16,103.3515534,26.43885651,138.4583945,574.27
3/17/16,103.185754,26.73283232,140.610003,559.44
3/18/16,103.3027888,26.86559559,140.6578165,552.08
3/21/16,103.2930359,26.73283232,142.130473,553.98
3/22/16,104.0830214,26.81818013,141.6236496,560.48
3/23/16,103.5075999,26.39144106,139.0417195,569.63
3/24/16,103.0589662,26.51472124,141.4802091,582.95
3/28/16,102.5908266,26.45782269,141.9105308,579.87
3/29/16,105.0193004,26.6474845,142.7998623,593.86
3/30/16,106.8528469,26.98887576,141.9200935,598.69
3/31/16,106.2969312,26.99835885,144.8271556,593.64
4/1/16,107.2722219,27.20698685,145.8503649,598.5
4/4/16,108.3743004,26.93197722,145.4200432,593.19
4/5/16,107.0966696,26.39601748,143.4405634,586.14
4/6/16,108.2182539,26.79798728,143.4596889,602.08
4/7/16,105.8580504,26.41515889,141.7670902,591.43
4/8/16,105.9750853,26.50129528,142.8189877,594.6
4/11/16,106.3261899,26.43430031,142.7233606,595.93
4/12/16,107.7111027,26.45344173,143.0867434,603.17
4/13/16,109.2715678,27.01811361,144.6167761,614.82
4/14/16,109.3300852,27.03725503,144.5498371,620.75
4/15/16,107.1356812,26.70228019,145.0853486,625.89
4/18/16,104.8242423,26.97983077,145.8599276,635.35
4/19/16,104.2683266,27.11382071,137.7029409,627.9
4/20/16,104.4828906,27.21909851,139.7206715,632.99
4/21/16,103.3515534,27.02768432,142.7711742,631
4/22/16,103.0687191,26.94154793,142.0061578,620.5
4/25/16,102.4835447,27.01811361,142.3026016,626.2
4/26/16,101.7715825,27.22866922,142.5607947,616.88
4/27/16,95.40293433,27.41051271,143.8900105,606.57
4/28/16,92.48681519,26.75970445,140.6386911,602
4/29/16,91.42374835,26.30988109,139.5581055,659.59
5/2/16,91.32621928,26.19503257,138.9174043,683.85
5/3/16,92.82816693,25.70692637,137.8272561,671.32
5/4/16,91.86262916,25.30495656,137.9420085,670.9
5/5/16,91.4920187,25.08483024,140.0649289,659.09
5/6/16,90.9817672,25.39109295,142.1878492,673.95
5/9/16,91.0504549,25.37195153,142.2361172,679.75
5/10/16,91.66864422,25.86962844,144.7750135,703.07
5/11/16,90.77570409,25.55379502,143.7903465,713.23
5/12/16,88.64638534,25.52508289,143.6841569,717.93
5/13/16,88.82301086,25.39109295,142.6029539,709.92
5/16/16,92.12002054,25.81220418,144.28268,710.66
5/17/16,91.73733192,25.50594147,142.8732547,695.27
5/18/16,92.7872725,25.57293644,142.2361172,697.45
5/19/16,92.43402146,26.38644677,139.9096,698.52
5/20/16,93.4348994,26.76927516,142.1492348,702.8
5/23/16,94.62221539,26.74056303,141.6858621,696.75
5/24/16,96.06465713,27.24781064,143.1725162,704.2
5/25/16,97.75241208,27.67849258,146.4354324,708.35
5/26/16,98.52760186,27.65935116,147.1594523,714.91
5/27/16,98.46872669,27.67849258,147.5455962,712.24
5/31/16,97.98791278,27.80291181,148.4144201,722.79
6/1/16,96.61415874,27.65935116,147.2270275,719.44
6/2/16,95.88803161,27.83162394,148.1827337,728.24
6/3/16,96.08428218,27.87947749,147.5938642,725.54
6/6/16,96.78097173,27.85076536,147.4394067,726.73
6/7/16,97.17347288,27.82205323,148.0186226,723.74
6/8/16,97.08516012,27.8890482,148.6654136,726.64
6/9/16,97.78184967,27.8890482,148.1055049,727.65
6/10/16,96.97722231,27.78377039,147.0918771,717.91
6/13/16,95.51515551,27.6019269,146.0396349,715.24
6/14/16,95.63290586,27.71677542,145.8272558,719.3
6/15/16,95.31890494,27.42008342,145.460419,714.26
6/16/16,95.72121862,27.63063903,145.8272558,717.51
6/17/16,93.54283722,27.70720471,146.7250404,706.39
6/20/16,93.31714906,27.56364406,148.2889233,714.01
6/21/16,94.11196389,27.53493193,148.7136816,715.82
6/22/16,93.75871286,27.48707839,147.622825,710.6
6/23/16,94.29840194,27.96561387,149.9686494,722.08
6/24/16,91.64901916,26.55871954,141.5120973,698.96
6/27/16,90.31451524,26.13760831,138.5291354,691.36
6/28/16,91.83545721,26.59700238,140.6529271,707.95
6/29/16,92.63027204,27.04682574,143.3173202,715.6
6/30/16,93.8077755,27.45836626,146.5223148,715.62
7/1/16,94.09233883,27.56364406,147.0725699,725.68
7/5/16,93.20921124,27.36265916,146.4257788,728.1
7/6/16,93.7390878,27.73934243,147.0918771,737.61
7/7/16,94.14140148,27.75865952,147.3139099,736.57
7/8/16,94.86752861,28.26090388,149.1094792,745.81
7/11/16,95.16190448,28.42509915,149.9493422,753.78
7/12/16,95.59365574,28.59895297,151.6001075,748.21
7/13/16,95.05396666,28.73417261,152.5461602,742.63
7/14/16,96.93797219,28.74383115,154.7278734,741.2
7/15/16,96.92815966,28.80178243,154.2451935,735.44
7/18/16,97.95847519,28.88870933,154.3224222,736.07
7/19/16,97.9977253,28.89836788,154.0521215,739.95
7/20/16,98.08603806,29.5841246,155.770462,745.72
7/21/16,97.56597404,29.53583188,154.8919845,744.43
7/22/16,96.81040932,29.66139297,156.4558675,744.86
7/25/16,95.51515551,29.73866133,157.0157762,739.61
7/26/16,94.85771608,29.82558824,156.5041355,735.59
7/27/16,101.0199842,29.7096857,156.2241811,736.67
7/28/16,102.3839257,29.47788061,155.7801156,752.61
7/29/16,102.2563628,29.48753915,155.0560957,758.81
8/1/16,104.0618681,29.68071006,155.8573444,767.74
8/2/16,102.5213011,29.57446606,155.0174813,760.58
8/3/16,103.8067424,29.67105151,155.1043637,754.64
8/4/16,104.4445567,29.74831988,155.9538804,760.77
8/5/16,106.0328796,29.98012497,157.836332,765.98
8/8/16,106.9108965,29.95114933,157.7784104,766.56
8/9/16,107.3449723,29.88353951,157.5155113,768.31
8/10/16,106.5458782,29.7966126,157.8173584,768.56
8/11/16,106.4768207,29.89319806,159.229224,771.24
8/12/16,106.7234547,29.81592969,157.6907774,772.56
8/15/16,108.0059514,30.12500315,157.6226184,768.49
8/16/16,107.9072978,30.05739333,156.4736519,764.04
8/17/16,107.749452,29.67105151,156.2204898,764.63
8/18/16,107.611337,29.43924642,157.1162942,764.46
8/19/16,107.8875671,29.47788061,155.8310097,757.31
8/22/16,107.0490115,29.5841246,155.7920616,759.48
8/23/16,107.3844337,29.92217369,156.0452237,762.45
8/24/16,106.5754743,29.99944206,154.8670463,757.25
8/25/16,106.1216678,30.2215886,154.4580921,759.22
8/26/16,105.5001502,30.27953987,154.156245,769
8/29/16,105.3817659,30.50168642,155.5194255,771.29
8/30/16,104.5728064,30.46305224,155.2078414,767.58
8/31/16,104.67146,30.36646678,154.7015172,769.16
9/1/16,105.2929776,30.50168642,155.3441595,770.62
9/2/16,106.2795135,30.74315005,155.3538965,772.44
9/6/16,106.2499175,30.78178424,156.1328568,788.87
9/7/16,106.9010312,30.70451587,157.3889303,784.48
9/8/16,104.0992692,30.39544242,154.8183613,784.06
9/9/16,101.7414483,29.7966126,151.595413,760.14
9/12/16,104.0203463,30.36646678,154.127034,771.49
9/13/16,106.4965514,29.99944206,151.712257,761.01
9/14/16,110.2651186,29.94149079,149.9985444,761.09
9/15/16,114.0139551,30.24090569,151.566202,769.69
9/16/16,113.3727067,29.78695406,149.7940673,778.52
9/19/16,112.0507486,29.96080788,150.7969787,775.1
9/20/16,112.0408832,30.03807624,150.3880245,780.22
9/21/16,112.0211525,30.28919842,151.4396209,789.74
9/22/16,113.0767459,30.57895478,152.0043671,804.7
9/23/16,111.1924624,30.26988133,150.9040857,805.75
9/26/16,111.3601735,30.0091006,149.9303853,799.16
9/27/16,111.567346,30.40510096,152.6470094,816.11
9/28/16,112.4157669,30.42441806,154.127034,828.72
9/29/16,110.6695983,30.31817406,153.9517679,829.05
9/30/16,111.5278846,30.63690605,154.6723062,837.31
10/3/16,111.0050205,30.67554024,153.4649177,836.74
10/4/16,111.4785578,30.52946624,152.3451623,834.03
10/5/16,111.5278846,30.76318464,152.9488565,844.36
10/6/16,112.3565747,30.6560637,152.7541164,841.66
10/7/16,112.5242858,30.64632544,151.575939,839.43
10/10/16,114.4874923,30.64632544,152.8904345,841.71
10/11/16,114.7341263,30.22757997,150.7190826,831
10/12/16,115.7601236,29.54590129,150.2322324,834.09
10/13/16,115.4049707,29.38035076,149.6772232,829.28
10/14/16,116.046219,29.39008903,150.3880245,822.96
10/17/16,115.9672962,29.42904209,150.6996086,812.95
10/18/16,115.8883733,29.64328396,146.7561221,817.65
10/19/16,115.5430857,29.55563956,147.2819203,817.69
10/20/16,115.4838936,29.37061249,147.5350824,810.32
10/21/16,115.030087,29.36087423,145.6947887,818.99
10/24/16,116.0659498,29.6627605,146.610067,838.09
10/25/16,116.6578713,29.54590129,146.9119141,835.18
10/26/16,114.0336858,29.7504049,147.8174555,822.59
10/27/16,112.9386309,29.58485436,149.3169541,818.36
10/28/16,112.1888636,29.78935796,148.5964158,776.32
10/31/16,112.0112872,29.87700236,149.6480122,789.82
11/1/16,109.9888885,29.68223703,148.7716819,785.41
11/2/16,110.0875421,29.59459263,147.9537735,765.56
11/3/16,108.9135644,29.52642476,148.3627277,767.03
11/4/16,107.9318251,29.39982729,148.4211497,755.05
11/7/16,109.4887248,30.1301973,151.624624,784.93
11/8/16,110.1333011,30.1886269,152.4522693,787.75
11/9/16,109.9548031,30.5392045,152.0985746,771.88
11/10/16,106.8905864,30.1886269,157.4138209,742.38
11/11/16,107.5252462,30.5392045,158.4454307,739.01
11/14/16,104.8279422,30.54894277,155.4390251,719.07
11/15/16,106.2162604,30.87030557,155.8909684,743.24
11/16/16,109.0722293,30.7437081,156.5001094,746.49
11/17/16,109.0325631,29.26349156,157.001177,756.4
11/18/16,109.1416453,29.39008903,157.5808434,760.16
11/21/16,110.7977106,29.26349156,159.9191588,780
11/22/16,110.8671265,29.10767929,159.8209103,785.33
11/23/16,110.3018826,28.93239049,159.1429953,780.12
11/25/16,110.8572099,29.30244463,160.2826785,780.37
11/28/16,110.6390456,29.13689409,161.6385084,766.77
11/29/16,110.5299635,29.04924969,160.6658478,762.52
11/30/16,109.597807,29.03951142,159.3787918,750.57
12/1/16,108.5764014,28.67919555,157.0208267,743.65
12/2/16,108.9829803,28.48443022,157.2173238,740.34
12/5/16,108.1995722,28.75710169,157.0404764,759.36
12/6/16,109.0325631,28.56233635,157.541544,764.72
12/7/16,110.1035515,29.16610889,161.9037795,770.42
12/8/16,111.1844564,29.16610889,162.4637962,767.33
12/9/16,112.9991866,29.27322983,163.6034793,768.66
12/12/16,112.3546103,29.38035076,162.6013442,760.12
12/13/16,114.2288399,29.78935796,165.3424786,774.34
12/14/16,114.2288399,29.6627605,165.5586254,768.82
12/15/16,114.8535831,29.82831103,165.0772075,761
12/16/16,115.0023315,29.78935796,163.8098013,757.77
12/19/16,115.6667409,29.94517023,163.760677,766
12/20/16,115.9741542,29.76014316,164.6645636,771.22
12/21/16,116.0832364,29.62380743,164.3992926,770.6
12/22/16,115.3196613,29.6627605,164.1340215,766.34
12/23/16,115.5477422,29.73092836,163.7901516,760.59
12/27/16,116.2815675,29.87700236,164.2126203,771.4
12/28/16,115.7857396,29.62380743,163.2792591,772.13
12/29/16,115.7559899,29.6627605,163.6820782,765.15
12/30/16,114.8535831,29.42904209,163.082762,749.87